Time,Position,Error,Speed,Voltage
0.009634,0.343056,2,0,0,
0.027388,0,2,0,0,
0.059128,0,2,0,0,
0.082904,0,2,0,0,
0.112972,0,2,0,0,
0.143294,0,0,0,0,
0.172352,0,0,0,0.36217,
0.213651,0,16,0,1.24345,
0.230544,0.00208333,30,0,1.99194,
0.247398,0.00208333,48,0,2.79062,
0.268623,0.00902778,60,0.833333,3.45846,
0.287467,0.0194444,68,3.33333,3.98319,
0.33262,0.0916667,67,29.1667,4.29326,
0.370185,0.172222,81,61.6667,4.8607,
0.383493,0.172222,72,61.6667,4.43182,
0.440821,0.329861,22,117.083,3.43109,
0.487635,0.442361,22,146.667,3.62933,
0.530252,0.611111,-9,166.667,2.54751,
0.591695,0.771528,-10,167.083,2.51261,
0.622048,0.825,-24,165,2.14663,
0.657733,0.925694,-38,159.583,1.64575,
0.707103,1.02431,-13,154.167,2.54018,
0.733926,1.11875,-16,149.583,2.44282,
0.792234,1.25556,20,142.5,3.66422,
0.828542,1.30208,10,139.167,3.30499,
0.846853,1.35556,11,139.167,3.35704,
0.890231,1.44722,2,141.667,2.96833,
0.90802,1.49583,36,141.667,4.24047,
0.941876,1.59722,22,144.167,3.74575,
0.97219,1.70208,6,147.917,3.09677,
0.983212,1.70208,0,147.917,2.88563,
1.03024,1.86042,14,155.417,3.13196,
1.04598,1.86042,1,155.417,2.9912,
1.0877,1.96597,-20,157.917,2.20909,
1.10667,2.01806,-25,158.333,2.03094,
1.14418,2.12083,-3,157.5,2.77918,
1.19017,2.26667,-13,152.083,2.52977,
1.20863,2.26667,-17,152.083,2.31598,
1.23806,2.36319,13,148.333,3.45616,
1.27454,2.46181,3,145.833,3.02859,
1.29797,2.50833,0,145.833,2.9217,
1.33859,2.60347,-5,144.583,2.72097,
1.38138,2.70556,15,144.583,3.49839,
1.41519,2.80833,-4,147.083,2.7563,
1.45928,2.91181,17,152.083,3.42771,
1.48173,2.96319,8,154.167,3.25103,
1.5142,3.06667,-11,155.417,2.50894,
1.55405,3.16806,-24,155,2.12023,
1.5739,3.21667,7,153.75,3.13548,
1.60385,3.26806,-2,152.917,2.9217,
1.62608,3.31875,-8,151.667,2.52977,
1.64813,3.36736,-14,150.833,2.35161,
1.66969,3.41597,16,149.167,3.56305,
1.6977,3.51111,13,148.333,3.45616,
1.73283,3.60903,5,146.25,3.17111,
1.75829,3.65972,-2,145.833,2.74355,
1.78063,3.70903,-8,145.833,3.77683,
1.80855,3.75833,17,146.25,3.56906,
1.83227,3.86319,6,148.75,3.10968,
1.84539,3.86319,1,148.75,2.93299,
1.86807,3.91458,-13,152.083,2.43827,
1.89324,4.01667,14,153.333,3.46305,
1.90825,4.01667,10,153.333,3.25103,
1.93589,4.11944,-3,154.167,2.87419,
1.9592,4.17014,-11,154.167,2.51935,
1.98074,4.21944,-17,153.333,2.37742,
0.001384,4.21944,-17,153.333,2.37742,
0.002672,4.26875,-21,152.5,2.16452,
0.009069,4.26875,-5,152.5,3.15806,
0.020113,4.31597,-3,151.667,3.19355,
0.023918,4.31597,-3,151.667,3.19355,
0.038638,4.36528,-124,150,1.00538,
0.041506,4.36528,-124,150,1.00538,
0.052904,4.36528,1,150,3.18299,
0.056574,4.40903,1,147.917,3.18299,
0.067456,4.40903,2,147.917,3.19487,
0.07041,4.40903,2,147.917,3.19487,
0.092998,4.45486,7,145.417,3.2305,
0.098802,4.50486,10,143.333,3.2305,
0.117863,4.55417,8,142.083,3.17111,
0.120978,4.55417,9,142.083,3.17111,
0.147997,4.60139,5,141.667,3.08798,
0.159185,4.64861,0,142.083,3.04047,
0.173385,4.64861,-1,142.083,2.99189,
0.175949,4.69792,-1,142.917,2.99189,
0.185737,4.69792,-6,142.917,2.90943,
0.188043,4.69792,-6,142.917,2.90943,
0.212199,4.74583,-10,143.75,2.88587,
0.216521,4.79444,-10,144.167,2.88587,
0.237248,4.84306,-14,144.583,2.8152,
0.242937,4.84306,-14,144.583,2.8152,
0.252399,4.84306,-18,144.583,2.74453,
0.273027,4.89236,-22,145,2.68563,
0.290632,4.94028,-23,145,2.69604,
0.294287,4.94028,-23,145.417,2.69604,
0.307882,4.98889,-29,145.417,2.57727,
0.310367,4.98889,-29,145.417,2.57727,
0.337631,5.08472,-31,145.833,2.5654,
0.345849,5.08472,-35,145.833,2.48226,
0.365043,5.13194,-34,145.417,2.51789,
0.369111,5.13194,-37,145.417,2.43475,
0.386447,5.17708,-35,144.167,2.47038,
0.388485,5.17708,-35,144.167,2.47038,
0.413127,5.22153,-31,142.5,2.4585,
0.417512,5.26667,-31,140.417,2.4585,
0.43551,5.31042,-31,138.333,2.411,
0.439676,5.31042,-31,138.333,2.411,
0.44991,5.31042,-28,138.333,2.43475,
0.4524,5.31042,-28,138.333,2.43475,
0.477243,5.39722,-26,134.167,2.42287,
0.48413,5.39722,-23,134.167,2.44663,
0.50423,5.43958,-23,132.5,2.43475,
0.507379,5.43958,-23,132.5,2.43475,
0.539123,5.52222,-23,130,2.37322,
0.543772,5.52222,-21,130,2.39707,
0.565958,5.56319,-21,128.333,2.36129,
0.570613,5.56319,-21,128.333,2.36129,
0.586451,5.60417,-24,126.667,2.28974,
0.588745,5.60417,-21,126.667,2.32551,
0.614611,5.68194,-20,123.333,2.28974,
0.63137,5.68194,-19,123.333,2.26588,
0.647276,5.72153,-17,121.25,2.28974,
0.652921,5.72153,-17,121.25,2.28974,
0.669156,5.75972,-17,120,2.25396,
0.672004,5.75972,-17,120,2.25396,
0.684797,5.79722,-18,118.333,2.21818,
0.687131,5.79722,-18,118.333,2.26588,
0.712718,5.83403,-14,116.667,2.25396,
0.728109,5.87222,-18,115.417,2.15855,
0.74755,5.90972,-15,114.167,2.17048,
0.751517,5.90972,-15,114.167,2.17048,
0.769583,5.94583,-17,113.333,2.12278,
0.772201,5.94583,-17,113.333,2.12278,
0.784758,5.98194,-15,112.083,2.15855,
0.787181,5.98194,-17,112.083,2.09892,
0.815222,6.05208,-17,110,2.00352,
0.830451,6.05208,-18,110,2.02737,
0.850042,6.08611,-16,108.75,2.0393,
0.853195,6.08611,-13,108.75,2.09892,
0.868437,6.11944,-16,107.083,1.99159,
0.870792,6.11944,-16,107.083,1.99159,
0.885112,6.15208,-13,105,1.99159,
0.887608,6.15208,-14,105,1.99159,
0.913109,6.18403,-11,102.917,1.97967,
0.926999,6.21597,-11,100.833,1.94389,
0.9476,6.24931,-9,99.1667,1.96774,
0.951091,6.24931,-9,99.1667,1.97967,
0.970059,6.28056,-10,97.9167,1.94389,
0.974122,6.28056,-9,97.0833,1.93196,
0.989049,6.31111,-11,97.0833,1.87234,
0.99238,6.31111,-11,97.0833,1.87234,
1.01235,6.34028,-9,95.8333,1.88426,
1.01717,6.36944,-10,94.5833,1.84848,
1.04591,6.39861,-5,92.5,1.92004,
1.05016,6.39861,-5,92.5,1.80078,
1.07265,6.42708,-4,90.8333,1.83656,
1.07742,6.45417,-4,88.75,1.83656,
1.09267,6.45417,-6,88.75,1.80078,
1.09567,6.48056,-4,87.0833,1.78886,
1.11585,6.50694,-5,85,1.78886,
1.12285,6.50694,-2,85,1.78886,
1.14308,6.53403,-1,83.3333,1.77693,
1.14898,6.53403,-2,83.3333,1.74115,
1.16534,6.55972,0,82.0833,1.75308,
1.1686,6.55972,0,82.0833,1.75308,
1.19442,6.58472,2,79.1667,1.72923,
1.19894,6.60903,2,79.1667,1.72923,
1.21198,6.60903,0,79.1667,1.68152,
1.21445,6.60903,0,77.5,1.68152,
1.22673,6.63333,2,77.5,1.69345,
1.22968,6.63333,2,77.5,1.6696,
1.25529,6.67917,3,74.5833,1.65767,
1.25977,6.67917,5,74.5833,1.6696,
1.27512,6.70208,4,72.5,1.65767,
1.27735,6.70208,4,72.5,1.65767,
1.28627,6.70208,6,72.5,1.64575,
1.28832,6.70208,6,72.5,1.64575,
1.32275,6.74583,6,69.5833,1.55034,
1.33739,6.76736,6,68.3333,1.56227,
1.34685,6.76736,8,68.3333,1.60997,
1.35289,6.76736,8,68.3333,1.60997,
1.35889,6.78819,9,67.0833,1.58612,
1.36228,6.78819,9,67.0833,1.58612,
1.38488,6.80903,7,65.8333,1.53275,
1.39896,6.82917,5,64.5833,1.47287,
1.40578,6.82917,7,64.5833,1.49682,
1.40789,6.82917,7,64.5833,1.49682,
1.43314,6.84931,6,63.3333,1.44892,
1.43647,6.86944,2,62.5,1.37708,
1.45091,6.86944,4,62.5,1.40103,
1.45457,6.88819,4,61.25,1.40103,
1.46847,6.88819,4,61.25,1.38905,
1.47175,6.88819,5,61.25,1.38905,
1.48784,6.90764,4,60.4167,1.3651,
1.49065,6.90764,4,60.4167,1.3651,
1.51371,6.925,6,59.1667,1.34115,
1.51957,6.94167,6,57.9167,1.34115,
1.53807,6.95833,6,56.25,1.30523,
1.54176,6.95833,6,56.25,1.30523,
0.004063,0.160417,6,0,0.253519,
0.044736,0,6,0,0,
0.091097,0,6,0,0,
0.123632,0,6,0,0,
0.179767,0,2,0,0.36217,
0.213475,0,24,0,1.65391,
0.251279,0,45,1.25,2.89765,
0.282372,0.0229167,62,5,3.67918,
0.320797,0.0611111,94,19.1667,5.37449,
0.348236,0.0909722,91,30,4.88231,
0.390279,0.176389,60,61.25,4.25582,
0.41352,0.227083,40,80.4167,3.82375,
0.44197,0.335417,52,120,4.34223,
0.478898,0.452778,21,150,3.4654,
0.5224,0.568056,-16,166.25,2.26452,
0.543779,0.623611,3,170,2.91642,
0.585274,0.789583,-29,170.833,1.78886,
0.615626,0.8375,-37,168.333,1.60997,
0.663377,0.936806,-16,160.417,2.36129,
0.686298,0.988194,-24,152.917,2.0393,
0.73022,1.0875,-33,150.417,1.76026,
0.747864,1.13264,-31,149.167,1.90396,
0.788103,1.22083,9,145,3.34091,
0.811468,1.26458,9,141.25,3.19721,
0.833854,1.31458,-1,137.083,2.94516,
0.870288,1.40556,39,136.667,4.36452,
0.900363,1.50417,31,138.75,4.00968,
0.934989,1.60833,17,143.333,3.22903,
0.951819,1.60833,4,143.333,3.01378,
0.991759,1.71458,23,149.583,3.53944,
1.01204,1.76736,8,153.75,3.08387,
1.03286,1.82222,-5,158.75,2.59326,
1.07016,1.92778,-23,159.583,2.17346,
1.08512,1.97847,-28,159.583,1.92405,
1.11552,2.075,3,156.25,3.02859,
1.14324,2.12569,-6,153.333,2.70792,
1.17365,2.17569,-16,149.583,2.42287,
1.20334,2.27292,14,148.333,3.42053,
1.22601,2.31875,12,147.917,3.34927,
1.2527,2.37014,2,147.083,3.02859,
1.28083,2.46736,-3,145.833,2.81481,
1.31335,2.51667,26,145.833,3.8871,
1.34145,2.61458,19,146.25,3.56906,
1.38195,2.71875,-1,147.917,2.93299,
1.40783,2.77083,-11,149.167,2.50894,
1.42423,2.82222,16,151.25,3.28636,
1.45425,2.87361,-2,154.583,2.82698,
1.47652,2.97778,-10,155.417,2.54428,
1.49409,2.97778,-14,155.417,2.47361,
1.51922,3.07708,-19,155,2.12023,
1.5442,3.12569,11,153.75,3.3,
1.56829,3.17361,2,151.667,2.98065,
1.59239,3.22639,-6,150,2.69677,
1.61046,3.27569,-9,148.75,2.66129,
1.63263,3.32292,-14,147.917,2.4129,
1.65895,3.42014,18,147.5,3.61935,
1.6782,3.47083,9,147.5,3.28636,
1.69102,3.47083,6,147.5,3.18035,
1.7151,3.57083,-1,147.5,2.86232,
1.74118,3.62083,-10,147.917,2.61496,
1.77133,3.67014,18,148.75,3.53372,
1.80784,3.77569,-4,150.417,2.82698,
1.83178,3.82639,-11,152.5,2.57962,
1.84629,3.87708,-15,152.5,2.43827,
1.87683,3.97639,11,153.333,3.28636,
1.90159,4.02847,0,152.5,2.89765,
1.92762,4.07847,-9,151.667,2.59032,
1.95095,4.12708,-13,151.25,2.44839,
1.97341,4.175,20,149.583,3.61935,
1.98526,4.22222,18,149.583,3.61935,
0.000849,4.22222,18,149.583,3.61935,
0.002423,4.27361,-23,148.333,2.09355,
0.008621,4.27361,5,148.333,3.22903,
0.018061,4.32153,5,147.083,3.27634,
0.023404,4.32153,7,147.083,3.27634,
0.034819,4.32153,-117,147.083,1.05269,
0.037721,4.32153,-117,147.083,1.05269,
0.052457,4.36875,9,146.25,3.24086,
0.056877,4.36875,9,146.25,3.24086,
0.074164,4.41111,10,145,3.22903,
0.078876,4.45694,10,143.333,3.22903,
0.097509,4.45694,11,141.667,3.2172,
0.102572,4.50764,11,141.667,3.2172,
0.117195,4.50764,10,141.667,3.16989,
0.119637,4.55764,11,140.833,3.18172,
0.133557,4.55764,8,140.833,3.13441,
0.137529,4.55764,8,141.25,3.13441,
0.166403,4.65625,2,142.083,3.05078,
0.176154,4.65625,-1,142.083,3.039,
0.190594,4.70486,-7,144.583,2.94477,
0.195726,4.70486,-10,144.583,2.92121,
0.210489,4.75417,-17,146.667,2.82698,
0.21303,4.75417,-17,146.667,2.82698,
0.22576,4.80347,-21,147.5,2.7563,
0.229019,4.80347,-22,147.5,2.74453,
0.254424,4.85278,-25,147.917,2.69741,
0.272915,4.90278,-29,147.5,2.64853,
0.296488,4.95139,-28,147.917,2.64853,
0.301427,5,-28,147.5,2.64853,
0.318399,5.04583,-33,147.083,2.5654,
0.326395,5.04583,-35,147.083,2.50601,
0.344188,5.09444,-33,145.833,2.55352,
0.348224,5.09444,-33,145.833,2.4585,
0.372459,5.13958,-32,144.583,2.49413,
0.378222,5.18403,-32,142.917,2.49413,
0.414783,5.22778,-26,140.833,2.51789,
0.422414,5.27292,-26,138.75,2.51789,
0.453337,5.31667,-24,136.667,2.47038,
0.467197,5.35903,-27,134.583,2.42287,
0.483352,5.40208,-23,132.917,2.43475,
0.488493,5.40208,-23,132.917,2.38724,
0.512878,5.44514,-23,131.667,2.44663,
0.526521,5.48611,-23,130,2.38724,
0.544576,5.52639,-21,128.75,2.411,
0.548523,5.52639,-24,128.75,2.30411,
0.570118,5.56736,-20,127.083,2.33974,
0.572799,5.56736,-20,127.083,2.33974,
0.59673,5.60764,-19,125.417,2.32786,
0.604915,5.64722,-17,123.75,2.35161,
0.628122,5.68681,-16,122.083,2.31598,
0.633428,5.68681,-16,122.083,2.31598,
0.646076,5.72639,-19,120.833,2.24472,
0.648431,5.72639,-19,120.833,2.24472,
0.676946,5.76667,-19,120.417,2.22097,
0.68285,5.80556,-18,119.583,2.23284,
0.715229,5.84375,-20,118.75,2.17346,
0.727527,5.88125,-25,118.333,2.07845,
0.738685,5.91875,-24,117.083,2.07845,
0.7484,5.91875,-23,117.083,2.09892,
0.760248,5.95486,-23,115.833,2.09892,
0.76657,5.95486,-24,115.833,2.06315,
0.792366,5.99097,-19,114.167,2.11085,
0.795112,5.99097,-19,114.167,2.11085,
0.806597,6.025,-21,112.083,2.0393,
0.808513,6.025,-21,112.083,2.0393,
0.832299,6.05903,-18,109.583,2.05122,
0.835713,6.05903,-15,109.583,2.05122,
0.850225,6.09306,-15,107.5,2.02737,
0.852825,6.09306,-15,107.5,2.02737,
0.877193,6.12847,-12,104.167,2.02737,
0.883767,6.16042,-12,104.167,1.97967,
0.902501,6.19306,-12,102.917,1.99159,
0.909421,6.19306,-15,102.917,1.92004,
0.918254,6.22431,-15,101.25,1.92004,
0.920955,6.22431,-13,101.25,1.94389,
0.947402,6.25625,-10,100,1.97967,
0.952484,6.25625,-10,100,1.96774,
0.972341,6.2875,-11,98.3333,1.90811,
0.975284,6.2875,-11,98.3333,1.90811,
0.996094,6.31667,-9,96.6667,1.89619,
0.999519,6.34514,-10,94.5833,1.84848,
1.01995,6.37431,-5,92.5,1.89619,
1.02727,6.37431,-5,92.5,1.89619,
1.04332,6.40278,-3,90.8333,1.88426,
1.04584,6.40278,-3,90.8333,1.88426,
1.07136,6.43125,-2,88.75,1.86041,
1.07724,6.43125,0,88.75,1.87234,
1.10896,6.48542,3,85.8333,1.87234,
1.11631,6.48542,3,84.1667,1.78886,
1.1297,6.51111,1,84.1667,1.81271,
1.13403,6.51111,1,84.1667,1.81271,
1.14686,6.53681,0,82.9167,1.78886,
1.14904,6.53681,0,82.9167,1.78886,
1.17191,6.5625,1,81.25,1.74115,
1.17686,6.5625,3,81.25,1.765,
1.207,6.61181,6,77.9167,1.765,
1.21404,6.61181,6,77.9167,1.765,
1.23677,6.63542,4,76.6667,1.69345,
1.24064,6.65903,6,75,1.70538,
1.26019,6.68194,4,73.75,1.6696,
1.27883,6.70625,4,72.5,1.63382,
1.28901,6.70625,6,72.5,1.64575,
1.29205,6.70625,6,72.5,1.64575,
1.3131,6.72917,3,71.25,1.57419,
1.3178,6.72917,0,70.8333,1.51457,
1.33847,6.77361,1,70,1.52649,
1.34112,6.77361,2,70,1.52649,
1.35004,6.77361,0,70,1.49071,
1.35253,6.77361,0,70,1.49071,
1.37242,6.79514,1,69.1667,1.47879,
1.37817,6.81597,1,67.9167,1.47879,
1.40045,6.83611,2,66.6667,1.46686,
1.40841,6.83611,4,66.6667,1.49071,
1.41695,6.83611,1,66.6667,1.40723,
1.41915,6.85625,1,65,1.40723,
1.42924,6.85625,1,65,1.40723,
1.43174,6.85625,1,65,1.40723,
1.46048,6.89583,5,62.0833,1.40723,
1.47387,6.89583,2,62.0833,1.34115,
1.4811,6.91389,2,60.8333,1.38905,
1.4872,6.91389,4,60.8333,1.38905,
1.51178,6.93264,3,59.5833,1.3172,
1.51593,6.93264,5,59.5833,1.32918,
1.53436,6.94931,4,58.3333,1.32918,
1.53824,6.96597,2,56.6667,1.26931,
1.54683,6.96597,2,56.6667,1.26931,
1.54904,6.96597,4,56.6667,1.26931,
1.57165,6.98125,7,54.5833,1.28128,
1.57449,6.98125,7,54.5833,1.28128,
1.59498,6.99653,10,52.5,1.26931,
1.59957,7.01181,10,50.4167,1.26931,
1.61458,7.01181,11,50.4167,1.24536,
1.61697,7.01181,11,50.4167,1.24536,
1.63135,7.02639,11,48.75,1.24536,
1.63516,7.02639,11,48.75,1.24536,
1.65308,7.04167,12,47.0833,1.22141,
1.65891,7.05625,11,45.8333,1.19746,
1.67688,7.05625,12,45.8333,1.18548,
1.67932,7.07014,12,45,1.18548,
1.68903,7.07014,13,45,1.18548,
1.69161,7.07014,13,45,1.18548,
1.70705,7.08264,11,44.1667,1.13759,
1.70937,7.08264,11,44.1667,1.13759,
1.73601,7.09583,12,42.9167,1.11364,
1.74307,7.10694,12,41.6667,1.11364,
1.75233,7.10694,10,41.6667,1.07771,
1.75446,7.10694,10,41.6667,1.07771,
1.76978,7.11806,11,40,1.02981,
1.77416,7.11806,11,40,1.02981,
1.79057,7.12778,16,35.8333,1.02981,
1.80806,7.1375,15,35.8333,1.02981,
1.81867,7.14653,18,33.75,1.05376,
1.82312,7.14653,21,33.75,1.07771,
1.84744,7.15486,21,31.6667,1.04179,
1.85193,7.15486,21,31.6667,1.04179,
1.87961,7.17083,25,27.9167,1.04179,
1.8866,7.17083,25,27.9167,1.04179,
1.90169,7.17847,25,26.6667,1.02981,
1.9115,7.17847,23,26.6667,0.957967,
1.91905,7.18542,23,25.4167,0.957967,
1.92409,7.18542,25,25.4167,0.969941,
1.95309,7.19167,25,24.1667,0.969941,
1.97491,7.19792,24,22.9167,0.922043,
1.98075,7.20347,25,21.25,0.898094,
1.98767,7.20347,23,21.25,0.850196,
2.00517,7.20903,25,20,0.86217,
2.01051,7.20903,27,20,0.886119,
2.04853,7.21806,28,17.5,0.86217,
2.06514,7.22222,26,16.25,0.802297,
2.07413,7.22222,26,16.25,0.802297,
2.07674,7.22222,21,16.25,0.694526,
2.08555,7.22569,21,15,0.694526,
2.08783,7.22569,23,15,0.718475,
2.11335,7.22917,25,13.75,0.718475,
2.11787,7.23125,25,12.5,0.718475,
2.15121,7.23264,26,10.8333,0.718475,
2.15774,7.23264,28,9.58333,0.718475,
2.17527,7.23403,29,9.58333,0.7065,
2.17759,7.23403,29,9.58333,0.7065,
2.18635,7.23472,27,7.91667,0.634653,
2.18865,7.23472,27,7.91667,0.634653,
2.212,7.23542,29,6.25,0.622678,
2.21533,7.23542,29,6.25,0.622678,
2.23432,7.23542,29,4.58333,0.586755,
2.23852,7.23542,29,3.33333,0.586755,
2.24976,7.23542,28,3.33333,0.586755,
2.2526,7.23542,29,3.33333,0.562805,
2.27721,7.23542,30,1.25,0.550831,
2.2835,7.23542,31,1.25,0.562805,
2.31129,7.23542,28,0.416667,0.502933,
2.3141,7.23542,28,0.416667,0.502933,
2.32637,7.23542,24,0,0.431085,
2.32905,7.23542,24,0,0.431085,
2.35301,7.23542,21,0,0.359238,
2.35717,7.23542,21,0,0.359238,
2.38444,7.23542,17,0,0.28739,
2.38695,7.23542,17,0,0.28739,
2.41287,7.23542,13,0,0.215543,
2.4179,7.23542,8,0,0.143695,
2.44957,7.23542,8,0,0.144282,
2.45653,7.23542,8,0,0.144282,
2.47804,7.23542,4,0,0.0721408,
2.48045,7.23542,4,0,0.0721408,
0.005097,0,4,0,0.253519,
0.027228,0,4,0,0,
0.059238,0,4,0,0,
0.109166,0,4,0,0,
0.143709,0,0,0,0.0482893,
0.157048,0,0,0,0.181085,
0.179899,0,6,0,0.639834,
0.223896,0.00486111,45,0.416667,2.77742,
0.270046,0.0243056,69,5.41667,4.05191,
0.299125,0.0416667,74,20,4.40059,
0.319579,0.0659722,73,20,4.16657,
0.340128,0.0958333,92,46.25,5.04545,
0.395249,0.228472,54,81.25,4.29677,
0.444395,0.397222,44,135.833,4.24927,
0.483062,0.516667,10,160.833,3.10264,
0.507112,0.573611,-8,168.333,2.4956,
0.530762,0.631944,-29,172.5,1.71994,
0.581135,0.788889,-19,172.083,2.25396,
0.597964,0.788889,-22,172.083,2.14663,
0.621292,0.890278,-35,162.083,1.68152,
0.659095,0.940278,-43,157.083,2.68328,
0.701371,1.08194,-12,147.917,2.58651,
0.718946,1.08194,-12,147.917,2.58651,
0.738192,1.12708,-11,146.25,2.62243,
0.763875,1.21736,-10,141.25,2.65836,
0.818144,1.31806,10,138.333,3.33548,
0.850055,1.41389,6,140.833,3.12258,
0.877617,1.46042,-2,142.917,2.83871,
0.906007,1.5625,27,146.25,3.67962,
0.93941,1.61597,10,149.167,3.04883,
0.956425,1.66736,0,149.167,2.9437,
0.990053,1.77153,-16,153.75,2.3129,
1.02374,1.87361,8,155,3.15396,
1.08292,2.02153,-8,152.5,2.62581,
1.11842,2.07014,17,151.25,3.5129,
1.16272,2.22083,2,148.333,2.98065,
1.18664,2.27014,-4,147.917,2.76774,
1.23472,2.37153,15,149.583,3.44194,
1.29416,2.525,-11,151.667,2.51935,
1.31379,2.575,-15,152.5,2.37742,
1.36821,2.72639,2,151.667,2.98065,
1.40102,2.82431,-7,150.417,2.69677,
1.48107,2.97222,7,147.5,3.15806,
1.52799,3.12083,-5,147.083,2.79164,
1.54844,3.16875,26,147.5,3.8871,
1.63888,3.375,-12,150.417,2.46334,
1.66903,3.47639,12,152.917,3.30792,
1.70389,3.57986,-3,153.75,2.6393,
1.74017,3.62986,-13,153.333,2.42815,
1.75439,3.67917,-15,153.333,2.44839,
1.78021,3.72778,13,151.25,3.37097,
1.81484,3.82778,0,150,2.90968,
1.85464,3.97431,-10,148.333,2.51935,
1.89382,4.02153,21,147.917,3.72581,
1.96853,4.22222,-4,146.667,2.76774,
1.98381,4.27222,-7,147.917,2.66129,
0.002272,4.31806,-112,148.75,0,
0.004408,4.36181,7,147.917,3.25269,
0.011289,4.38542,-345,143.75,-3.02796,
0.015202,4.38542,-345,143.75,-3.02796,
0.017519,4.38542,-345,143.75,-3.02796,
0.058886,4.45625,-59,124.583,1.58495,
0.060996,4.45625,-59,124.583,1.58495,
0.071243,4.49236,-45,114.583,1.71505,
0.07334,4.49236,-45,114.583,3.84409,
0.097592,4.53472,95,108.333,3.96237,
0.101042,4.53472,95,108.333,3.96237,
0.125064,4.58958,84,107.5,3.8086,
0.13199,4.63681,74,114.167,3.71398,
0.147815,4.67917,58,123.333,3.53656,
0.152164,4.67917,46,123.333,3.43011,
0.17918,4.72431,22,132.083,3.19355,
0.18306,4.72431,22,132.083,3.19355,
0.23158,4.85972,9,137.083,3.02546,
0.234349,4.85972,9,137.083,3.02546,
0.25293,4.90764,4,135.833,2.92033,
0.255982,4.90764,4,135.833,2.92033,
0.277345,4.95486,1,135,2.85024,
0.280466,4.95486,1,135,2.85024,
0.323272,5.04583,-10,138.333,2.75591,
0.325225,5.04583,-10,138.333,2.75591,
0.377488,5.18194,-14,137.917,2.68495,
0.380684,5.18194,-14,137.917,2.68495,
0.406671,5.22778,-19,136.667,2.56667,
0.410061,5.27292,-19,136.25,2.56667,
0.423932,5.27292,-23,136.25,2.4957,
0.426581,5.27292,-23,136.25,2.4957,
0.438401,5.31736,-25,135.833,2.4585,
0.441663,5.31736,-25,135.833,2.4585,
0.472814,5.40486,-25,135,2.44663,
0.481278,5.40486,-29,135,2.36349,
0.489483,5.44861,-28,134.167,2.36349,
0.499467,5.44861,-28,134.167,2.36349,
0.533075,5.53403,-25,132.083,2.38724,
0.540925,5.53403,-24,132.083,2.38724,
0.558291,5.57708,-28,130.833,2.28035,
0.561127,5.57708,-28,130.833,2.28035,
0.585135,5.62014,-29,130,2.2566,
0.587976,5.62014,-29,129.167,2.2566,
0.61053,5.69931,-31,127.917,2.18534,
0.614818,5.69931,-29,127.917,2.20909,
0.63459,5.73819,-26,125.833,2.20909,
0.644289,5.73819,-26,123.333,2.18534,
0.665885,5.77639,-22,123.333,2.24472,
0.670902,5.81528,-23,120.833,2.17346,
0.680724,5.81528,-20,120.833,2.19721,
0.683338,5.81528,-20,120.833,2.19721,
0.703835,5.85208,-17,118.333,2.20909,
0.708857,5.88958,-17,116.25,2.20909,
0.739328,5.92708,-14,114.583,2.19721,
0.74549,5.92708,-17,114.583,2.14971,
0.756985,5.96319,-16,113.333,2.12595,
0.770246,5.99792,-15,112.083,2.13783,
0.796531,6.03264,-13,110.833,2.16158,
0.80638,6.06736,-11,109.167,2.17346,
0.832984,6.10139,-9,107.5,2.13783,
0.839162,6.10139,-9,107.5,2.13783,
0.874667,6.16667,-8,103.75,2.07845,
0.878509,6.16667,-5,103.75,2.13783,
0.909577,6.23056,-7,100.417,2.04282,
0.912063,6.23056,-7,100.417,2.04282,
0.930662,6.26181,-8,98.75,1.99531,
0.932631,6.26181,-6,98.75,1.99531,
0.96415,6.29306,-5,97.0833,1.98343,
0.966681,6.29306,-3,95.4167,1.99531,
0.986969,6.32292,-5,95.4167,1.9478,
0.989261,6.35347,-5,94.1667,1.9478,
1.02711,6.38333,-3,92.9167,1.92405,
1.036,6.41319,-1,92.0833,1.97967,
1.04865,6.44167,-6,90.8333,1.84848,
1.05504,6.44167,-4,90.8333,1.88426,
1.07119,6.46944,-6,89.5833,1.78886,
1.08546,6.46944,-5,88.3333,1.83656,
1.11023,6.52431,-1,86.6667,1.87234,
1.11472,6.52431,-1,86.6667,1.87234,
1.13824,6.55139,-3,85.4167,1.78886,
1.1405,6.55139,-3,85.4167,1.78886,
1.16561,6.57847,-3,83.75,1.72923,
1.16847,6.60486,-3,82.5,1.72923,
1.18105,6.60486,-6,82.5,1.6696,
1.18537,6.60486,-5,82.5,1.6696,
1.22029,6.65556,-1,80.4167,1.70538,
1.22441,6.65556,-1,80.4167,1.70538,
1.24362,6.67917,-3,79.1667,1.6219,
1.2457,6.67917,-3,79.1667,1.6219,
1.25745,6.70139,0,77.5,1.59804,
1.26553,6.70139,-2,77.5,1.59804,
1.28587,6.725,3,75,1.6219,
1.29102,6.74861,3,72.9167,1.6219,
1.30771,6.77222,2,71.25,1.56227,
1.31145,6.77222,2,71.25,1.56227,
1.32091,6.77222,1,71.25,1.52649,
1.32334,6.77222,1,71.25,1.52649,
1.35239,6.81528,3,69.5833,1.55034,
1.36304,6.81528,1,69.5833,1.47879,
1.37598,6.83611,2,68.3333,1.49071,
1.37833,6.83611,2,68.3333,1.49071,
1.4113,6.875,4,65.4167,1.49071,
1.41646,6.875,2,65.4167,1.40723,
1.4358,6.89514,5,63.3333,1.43109,
1.44029,6.89514,8,63.3333,1.49071,
1.46644,6.91389,7,60,1.41916,
1.47097,6.93264,9,60,1.43109,
1.48647,6.93264,6,60,1.37146,
1.4887,6.95069,6,58.75,1.37146,
1.50807,6.96736,7,57.5,1.34761,
1.51235,6.96736,7,57.5,1.34761,
1.53214,6.98264,8,55.8333,1.33568,
1.53621,6.98264,8,55.8333,1.27605,
1.60087,7.02847,21,49.1667,1.43109,
1.60737,7.04306,23,47.5,1.43109,
1.62308,7.04306,16,47.5,1.28798,
1.62507,7.04306,18,47.5,1.2999,
1.64614,7.05694,15,45.8333,1.24027,
1.64872,7.06944,16,44.5833,1.2522,
1.66663,7.06944,15,44.5833,1.2045,
1.66929,7.08264,17,43.75,1.24027,
1.72802,7.11806,25,38.75,1.27605,
1.73057,7.11806,25,38.75,1.27605,
1.74699,7.11806,20,37.5,1.15679,
1.74892,7.12917,20,37.5,1.15679,
1.75974,7.12917,19,37.5,1.12102,
1.76298,7.12917,19,37.5,1.12102,
1.78068,7.13819,21,35.8333,1.10909,
1.78323,7.13819,21,35.8333,1.10909,
1.80246,7.14792,22,34.1667,1.09717,
1.8062,7.14792,22,34.1667,1.09717,
1.82291,7.15694,23,32.5,1.07331,
1.83014,7.16528,23,30.8333,1.07331,
1.85281,7.17361,24,29.1667,1.06139,
1.85739,7.17361,22,29.1667,1.00176,
1.87741,7.18056,24,27.5,1.04179,
1.88043,7.18056,26,27.5,1.04179,
1.90122,7.1875,27,26.25,1.02981,
1.90433,7.1875,27,26.25,1.02981,
1.93317,7.20069,30,23.3333,1.01784,
1.93616,7.20069,30,23.3333,1.01784,
1.95652,7.20694,28,21.6667,0.957967,
1.95881,7.20694,28,21.6667,0.957967,
1.97895,7.2125,28,20.4167,0.934018,
1.98183,7.2125,28,20.4167,0.934018,
1.9955,7.21736,27,19.1667,0.886119,
1.99872,7.21736,28,19.1667,0.898094,
2.03507,7.22708,29,17.5,0.874145,
2.04545,7.22708,30,16.25,0.886119,
2.05764,7.23125,26,16.25,0.802297,
2.06611,7.23125,24,15,0.754399,
2.0811,7.23472,26,15,0.766373,
2.08352,7.23472,26,15,0.766373,
2.10097,7.23681,26,13.75,0.73045,
2.10511,7.23681,26,13.75,0.73045,
2.12411,7.23889,28,12.0833,0.742424,
2.12829,7.23958,28,10.4167,0.742424,
2.14372,7.23958,29,10.4167,0.7065,
2.14623,7.23958,29,10.4167,0.7065,
2.17584,7.24097,34,6.66667,0.73045,
2.1805,7.24097,34,6.66667,0.73045,
2.20626,7.24097,34,3.33333,0.694526,
2.20983,7.24097,36,3.33333,0.718475,
2.22145,7.24097,33,3.33333,0.634653,
2.2238,7.24097,33,3.33333,0.634653,
2.24988,7.24097,33,0.833333,0.622678,
2.25536,7.24097,34,0.833333,0.622678,
2.27409,7.24097,32,0.416667,0.57478,
2.27712,7.24097,32,0.416667,0.57478,
2.40971,7.24097,29,0,0,
2.41192,7.24097,29,0,0,
2.42242,7.24097,29,0,0,
2.42469,7.24097,29,0,0,
2.44691,7.24097,29,0,0,
2.4514,7.24097,7,0,0.119746,
2.48308,7.24097,4,0,0.0721408,
2.49008,7.24097,4,0,0.0240469,
0.00624,0.247222,0,0,0,
0.046081,0,0,0,0,
0.079565,0,0,0,0,
0.09098,0,0,0,0,
0.131702,0,0,0,0,
0.164965,0,0,0,0.0482893,
0.181093,0,0,0,0.181085,
0.212323,0,16,0,1.24345,
0.252475,0.00277778,47,0,2.71628,
0.288496,0.0180556,60,2.08333,3.6217,
0.304517,0.0277778,85,6.25,4.78065,
0.34764,0.0763889,84,23.75,4.65401,
0.4074,0.197222,81,71.6667,5.19897,
0.435343,0.30625,61,108.333,4.67581,
0.452285,0.365972,38,126.25,3.92375,
0.486204,0.486111,3,156.25,2.44927,
0.520699,0.543056,11,166.667,3.16364,
0.542551,0.598611,-5,173.333,2.61935,
0.583736,0.711806,-34,174.583,1.7173,
0.616194,0.809722,-40,168.333,1.57419,
0.65206,0.908333,-14,158.333,2.43284,
0.677903,0.959028,-22,153.333,2.14663,
0.695468,1.00764,-27,150.417,1.96774,
0.719345,1.05694,-33,148.333,1.76026,
0.745059,1.10347,2,147.5,3.0176,
0.79979,1.24236,-1,144.167,2.90982,
0.814937,1.29444,-11,142.5,2.62243,
0.869534,1.3875,20,142.917,3.61935,
0.91625,1.53542,7,143.75,3.15806,
0.950638,1.63681,-6,145.417,3.92493,
0.991425,1.74097,11,149.583,3.32918,
1.0151,1.79306,1,152.083,2.97874,
1.04895,1.84375,-13,153.333,2.41804,
1.09451,1.99722,6,154.167,3.10968,
1.11372,2.04931,-4,153.75,2.7563,
1.14039,2.1,-12,153.75,2.54428,
1.18817,2.20139,4,153.333,3.05161,
1.21102,2.30208,-3,152.917,2.80323,
1.24878,2.35347,-14,152.5,2.48387,
1.3,2.49722,13,149.583,3.44194,
1.3157,2.54722,8,147.917,3.19355,
1.38365,2.69583,-10,147.083,2.62581,
1.4181,2.79375,19,147.5,3.33548,
1.44083,2.84444,5,147.5,3.07434,
1.47861,2.94514,-6,148.333,2.68563,
1.51432,3.04514,21,150,3.71041,
1.54968,3.09792,4,150.833,3.039,
1.56922,3.15,-6,151.25,2.7563,
1.60231,3.25278,-20,152.917,2.26158,
1.64146,3.35278,2,154.167,2.96833,
1.66528,3.40486,-8,153.75,2.62581,
1.7032,3.50347,-16,152.083,2.34194,
1.72916,3.55139,17,150.833,3.58387,
1.75709,3.64931,10,147.917,3.19355,
1.78541,3.70069,-1,147.083,2.93299,
1.81915,3.79653,-8,146.667,2.68563,
1.8474,3.84444,21,147.083,3.63974,
1.8787,3.94514,12,147.083,3.3217,
1.89872,3.99792,2,147.5,3.039,
1.9323,4.1,-12,150,2.47361,
1.95569,4.15,7,152.917,3.21569,
1.9876,4.20278,2,152.917,2.96833,
2.03047,4.35069,-123,153.75,-1.46085,
0.004871,4.36806,-354,150,-3.14736,
0.00129,4.38472,21,139.167,3.40865,
0.003849,4.38472,21,139.167,3.40865,
0.00747,4.38472,41,139.167,3.62243,
0.009846,4.38472,41,139.167,3.62243,
0.03125,4.42431,83,123.333,3.96686,
0.041202,4.46944,102,107.917,4.22815,
0.062376,4.52083,119,100.833,4.26378,
0.067687,4.52083,119,100.833,4.26378,
0.07882,4.5625,113,101.25,4.02561,
0.08396,4.5625,107,101.25,3.9564,
0.101891,4.6125,93,110.417,3.81799,
0.105044,4.6125,93,110.417,3.57576,
0.132849,4.66042,37,123.75,3.26432,
0.136074,4.66042,37,123.75,3.26432,
0.175852,4.74792,9,140,3.04516,
0.178697,4.79236,9,139.167,3.04516,
0.201747,4.84167,7,137.5,3.04985,
0.204002,4.84167,7,137.5,3.04985,
0.256783,4.93819,0,138.333,2.92082,
0.25916,4.93819,0,138.333,2.92082,
0.276616,4.98472,-11,139.167,2.76833,
0.278948,4.98472,-11,139.167,2.76833,
0.302522,5.07847,-18,142.083,2.68622,
0.305593,5.07847,-18,142.083,2.68622,
0.333708,5.12569,-22,142.083,2.63763,
0.336241,5.12569,-22,142.083,2.63763,
0.354893,5.17431,-25,141.667,2.56667,
0.364519,5.22153,-25,141.25,2.56667,
0.378833,5.26875,-28,141.25,2.50753,
0.382234,5.26875,-29,141.25,2.48387,
0.420237,5.36042,-32,141.667,2.44839,
0.427726,5.36042,-31,141.667,2.47038,
0.444739,5.40694,-37,140.833,2.36349,
0.4496,5.40694,-38,140,2.31598,
0.478644,5.49306,-36,138.333,2.32786,
0.481625,5.49306,-33,138.333,2.38724,
0.500558,5.53611,-35,136.25,2.32786,
0.504479,5.53611,-32,136.25,2.32786,
0.526106,5.57778,-29,133.75,2.33974,
0.529832,5.57778,-29,133.75,2.33974,
0.563465,5.65972,-24,128.75,2.32786,
0.566614,5.65972,-24,128.75,2.32786,
0.581429,5.70069,-24,126.667,2.28035,
0.585643,5.70069,-24,126.667,2.28035,
0.600385,5.74028,-20,125,2.32786,
0.606931,5.74028,-20,125,2.32786,
0.6328,5.78056,-20,123.75,2.28035,
0.636476,5.78056,-18,122.083,2.30411,
0.651065,5.81944,-22,122.083,2.16158,
0.662431,5.85764,-24,120.833,2.16158,
0.688267,5.89514,-20,119.167,2.22097,
0.694839,5.89514,-18,119.167,2.22097,
0.705067,5.93264,-19,117.917,2.19721,
0.708466,5.93264,-19,117.917,2.19721,
0.724798,5.96944,-18,115.833,2.16158,
0.728679,5.96944,-18,115.833,2.16158,
0.758416,6.04097,-14,112.5,2.16158,
0.762372,6.04097,-14,112.5,2.16158,
0.791895,6.07639,-12,110.833,2.13783,
0.797189,6.07639,-12,109.167,2.13783,
0.81129,6.11111,-14,109.167,2.06657,
0.819279,6.14514,-14,107.917,2.06657,
0.834181,6.14514,-11,107.917,2.1022,
0.836889,6.14514,-11,106.25,2.1022,
0.871449,6.21319,-10,105,2.05469,
0.873916,6.21319,-10,105,2.05469,
0.893008,6.24583,-13,103.75,1.98343,
0.895918,6.24583,-13,103.75,1.98343,
0.942331,6.31042,-9,101.25,1.99531,
0.945442,6.34236,-7,99.5833,2.00718,
0.969233,6.37292,-11,98.3333,1.90029,
0.971371,6.37292,-11,98.3333,1.90029,
0.995104,6.40347,-10,96.6667,1.87654,
0.998982,6.43194,-7,95,1.92405,
1.01401,6.43194,-9,95,1.85279,
1.01954,6.46042,-6,92.9167,1.90029,
1.03173,6.46042,-7,92.9167,1.84091,
1.03634,6.46042,-7,92.9167,1.84091,
1.06354,6.51806,-2,89.1667,1.86466,
1.07303,6.51806,-4,89.1667,1.80528,
1.0927,6.54583,-2,87.5,1.81716,
1.10397,6.57292,-3,86.25,1.81716,
1.11132,6.57292,-2,86.25,1.80528,
1.1137,6.57292,-2,86.25,1.80528,
1.12967,6.59931,-4,85,1.73402,
1.13482,6.59931,-4,85,1.73402,
1.15952,6.65139,-1,82.5,1.765,
1.16234,6.65139,1,82.5,1.765,
1.17923,6.67639,-1,80.8333,1.72923,
1.18198,6.67639,-1,80.8333,1.72923,
1.19902,6.70139,0,79.1667,1.70538,
1.20337,6.70139,0,79.1667,1.70538,
1.22279,6.72431,2,77.5,1.7173,
1.22687,6.72431,2,77.5,1.63382,
1.25912,6.77014,3,74.1667,1.70538,
1.26353,6.77014,6,74.1667,1.70538,
1.28304,6.79306,7,72.0833,1.68152,
1.2929,6.79306,7,72.0833,1.58612,
1.30673,6.81528,6,70.4167,1.59804,
1.31028,6.81528,6,70.4167,1.59804,
1.32586,6.83681,5,69.1667,1.56227,
1.32906,6.83681,5,69.1667,1.56227,
1.3473,6.85833,6,67.9167,1.55034,
1.3498,6.85833,8,67.9167,1.59804,
1.37919,6.89792,8,65.4167,1.55034,
1.38518,6.89792,9,65.4167,1.55034,
1.40554,6.91736,9,63.75,1.50264,
1.41117,6.91736,9,63.75,1.50264,
1.43719,6.95417,12,60,1.50264,
1.4489,6.95417,10,60,1.46686,
1.46488,6.97153,12,58.3333,1.46686,
1.47063,6.97153,10,58.3333,1.40723,
1.47767,6.97153,10,56.6667,1.40723,
1.48024,6.99028,10,56.6667,1.43109,
1.50154,7.00694,12,55.4167,1.41916,
1.50663,7.00694,14,55.4167,1.41916,
1.52651,7.02361,15,54.1667,1.41916,
1.53069,7.02361,15,54.1667,1.41916,
1.54205,7.03958,11,52.9167,1.33568,
1.54433,7.03958,11,52.9167,1.33568,
1.56716,7.05486,12,51.6667,1.34761,
1.57104,7.05486,13,51.6667,1.32375,
1.58529,7.06875,12,50.4167,1.28798,
1.58914,7.06875,12,50.4167,1.28798,
1.60935,7.08333,14,48.75,1.27605,
1.61341,7.08333,16,48.75,1.2999,
1.70864,7.14931,29,40.8333,1.38338,
1.71192,7.14931,30,40.8333,1.39531,
1.72965,7.16111,17,40,1.14487,
1.73305,7.16111,17,40,1.16872,
1.74486,7.17222,17,39.1667,1.12102,
1.7472,7.17222,17,39.1667,1.12102,
1.76455,7.18125,16,37.5,1.09717,
1.76684,7.18125,16,37.5,1.09717,
1.79183,7.18819,22,35.4167,1.12102,
1.79981,7.19444,24,32.5,1.13294,
1.82194,7.2,33,28.75,1.18065,
1.82768,7.2,33,28.75,1.18065,
1.8515,7.20486,38,25,1.16872,
1.85966,7.20903,38,21.6667,1.16872,
1.89224,7.21319,49,18.75,1.24027,
1.90313,7.21736,49,16.25,1.21642,
1.92271,7.22014,54,14.1667,1.26413,
1.92524,7.22014,54,14.1667,1.26413,
1.95622,7.22292,51,12.9167,1.16872,
1.96058,7.225,51,11.6667,1.16872,
1.99693,7.22708,53,10.4167,1.14487,
2.00078,7.22708,53,10.4167,1.14487,
2.02826,7.22847,53,7.5,1.10909,
2.03822,7.22917,55,5.83333,1.13294,
2.06158,7.22917,55,4.16667,1.08524,
2.07007,7.22917,56,4.16667,1.00176,
2.10131,7.22986,56,2.08333,1.03754,
2.10972,7.22986,53,2.08333,0.965982,
2.12162,7.22986,54,1.25,0.977908,
2.12497,7.22986,54,1.25,0.977908,
2.16123,7.22986,51,0.416667,0.91828,
2.17067,7.22986,46,0.416667,0.8348,
2.18426,7.22986,46,0,0.810948,
2.18803,7.22986,46,0,0.810948,
2.20609,7.22986,42,0,0.739394,
2.21029,7.22986,42,0,0.739394,
2.22876,7.22986,39,0,0.694526,
2.23379,7.22986,39,0,0.694526,
2.24842,7.22986,36,0,0.646628,
2.25216,7.22986,36,0,0.646628,
2.27755,7.22986,33,0,0.57478,
2.27993,7.22986,33,0,0.57478,
2.30445,7.22986,29,0,0.502933,
2.30972,7.22986,24,0,0.431085,
2.331,7.22986,24,0,0.431085,
2.33661,7.22986,24,0,0.431085,
2.34497,7.22986,21,0,0.359238,
2.34724,7.22986,21,0,0.359238,
2.36197,7.22986,19,0,0.335288,
2.36457,7.22986,19,0,0.335288,
2.38651,7.22986,16,0,0.28739,
2.39279,7.22986,16,0,0.28739,
2.40548,7.22986,13,0,0.215543,
2.40781,7.22986,13,0,0.215543,
2.42247,7.22986,10,0,0.167644,
2.42482,7.22986,10,0,0.167644,
2.44752,7.22986,7,0,0.119746,
2.45876,7.22986,4,0,0.0718475,
2.47105,7.22986,4,0,0.0721408,
2.47348,7.22986,4,0,0.0721408,
0.003558,13.1729,2,0,0.193157,
0.022718,13.1729,-1200,0,-0.0965787,
0.03214,13.1729,-1200,0,-0.627761,
0.058156,13.1729,-1200,0,-2.22131,
0.084417,13.1646,-1200,-0.416667,-3.28368,
0.096938,13.1646,-1197,-0.416667,-3.81486,
0.118925,13.1514,-1187,-3.33333,-4.87722,
0.145984,13.1042,-1150,-18.75,-5.78964,
0.163464,13.0597,-1132,-33.3333,-6.26491,
0.180823,13.0597,-1080,-54.5833,-7.21544,
0.202599,12.9326,-1011,-81.6667,-8.16598,
0.211878,12.9326,-971,-81.6667,-8.64125,
0.234065,12.8528,-884,-112.917,-9.59179,
0.249938,12.7569,-836,-147.917,-10.0671,
0.27032,12.6514,-738,-185,-9.02346,
0.298808,12.5333,-589,-222.917,-9.05,
0.324636,12.2625,-492,-296.667,-9.05,
0.348004,12.1153,-398,-332.5,-9.05,
0.373693,11.9611,-310,-365.833,-9.25,
0.389257,11.7979,-231,-396.667,-9.25,
0.416928,11.6333,-161,-424.167,-9.15958,
0.44514,11.2951,-80,-466.667,-8.63514,
0.460721,11.2951,-58,-466.667,-8.48143,
0.480122,11.1188,-19,-496.667,-8.21921,
0.496167,10.9431,-3,-496.667,-9.10557,
0.51782,10.7674,24,-507.5,-8.90323,
0.538201,10.5903,44,-515.833,-8.75147,
0.566701,10.2306,66,-527.083,-8.58959,
0.589177,10.0458,76,-531.25,-8.52889,
0.619331,9.86389,92,-535.417,-8.93548,
0.631986,9.68056,98,-539.167,-8.87097,
0.65731,9.49653,107,-543.333,-8.8172,
0.682935,9.12083,117,-550.417,-8.70968,
0.695461,9.12083,121,-550.417,-8.66667,
0.717221,8.92986,136,-553.75,-8.55914,
0.747778,8.55694,144,-560.417,-8.69316,
0.00538,-10.0542,152,0,0.144868,
0.024505,-10.0542,-1200,0,-0.579472,
0.05073,-10.0542,-1200,0,-1.64184,
0.069705,-10.0542,-1200,0,-2.7042,
0.095019,-10.0569,-1198,-2.08333,-3.76657,
0.114282,-10.075,-1188,-2.08333,-4.57478,
0.12887,-10.0924,-1179,-7.91667,-5.07801,
0.148108,-10.1167,-1152,-17.0833,-6.08446,
0.173742,-10.1576,-1085,-50.4167,-7.59413,
0.194518,-10.209,-1055,-74.1667,-8.60059,
0.208256,-10.2694,-986,-74.1667,-9.10381,
0.225384,-10.3479,-946,-102.5,-7.59531,
0.242961,-10.4361,-861,-134.583,-8.39101,
0.268877,-10.541,-766,-169.583,-9.18671,
0.298666,-10.7819,-613,-246.667,-9.25,
0.313883,-10.7819,-562,-285,-9.25,
0.331774,-10.9222,-462,-285,-9.25,
0.35869,-11.2125,-368,-356.667,-9.05,
0.395373,-11.5306,-216,-412.5,-9.05,
0.410608,-11.5306,-185,-412.5,-9.05,
0.437013,-11.8688,-131,-454.167,-8.61652,
0.459707,-12.0431,-59,-472.083,-8.30689,
0.473122,-12.0431,-59,-472.083,-9.0676,
0.485101,-12.2194,-18,-487.917,-8.92023,
0.50959,-12.3944,16,-502.083,-8.70411,
0.535084,-12.5722,41,-520.833,-8.52727,
0.545283,-12.7521,51,-520.833,-8.44868,
0.567263,-12.9347,66,-526.667,-8.34062,
0.603914,-13.2979,89,-535.833,-8.96774,
0.629773,-13.4826,100,-540,-8.87097,
0.655647,-13.8569,110,-547.5,-8.7957,
0.66875,-13.8569,115,-547.5,-8.70968,
0.705826,-14.2312,133,-554.583,-8.8478,
0.729173,-14.4208,141,-557.5,-8.75943,
0.747465,-14.6083,147,-560.417,-8.7263,
